Allcargo Logistics Ltd (ACLL)	,"
IndustryBusiness Services
SectorServices
Employees4423
Equity TypeORD
",25.1,46.63B,189.8,9.25,20.51891891891892,0.0,0.0,277636.0,0.0,0.0,0.0,0.0,0.0,0.0,0.0,0,0.19,7.76,6.71,11.75,12.63,10.3,9.830000000000002,0.0,19.54,11.4,0.4,0.3,0.5,0.5,0.75,0.25,0.75,1.05,2.2,0.0,0.0,0.0,0.0,0.0,0.0,59.11,70.1,73.52,82.67,76.03,10,0.0,197.20223924140319,197.20223924140319,-107.55298169359348,-156.66648139809985
